GroupID,ImageID,Target,Shapes
Happy102,Happy10200.wav,Happy,220608
Happy102,Happy10201.wav,Happy,220608
Happy102,Happy10202.wav,Happy,220608
Happy102,Happy10203.wav,Happy,220608
Happy102,Happy10204.wav,Happy,220608
Happy102,Happy10205.wav,Happy,220032
Happy102,Happy10206.wav,Happy,220608
Happy102,Happy10207.wav,Happy,220608
Happy102,Happy10208.wav,Happy,220608
Happy102,Happy10209.wav,Happy,220608
Happy102,Happy10210.wav,Happy,220032
Happy102,Happy10211.wav,Happy,220608
Happy102,Happy10212.wav,Happy,220608
Happy102,Happy10213.wav,Happy,220608
Happy102,Happy10214.wav,Happy,173376
Happy111,Happy11100.wav,Happy,220608
Happy111,Happy11101.wav,Happy,220608
Happy111,Happy11102.wav,Happy,220608
Happy111,Happy11103.wav,Happy,220608
Happy111,Happy11104.wav,Happy,220608
Happy111,Happy11105.wav,Happy,220032
Happy111,Happy11106.wav,Happy,220608
Happy111,Happy11107.wav,Happy,220608
Happy111,Happy11108.wav,Happy,220608
Happy111,Happy11109.wav,Happy,220608
Happy111,Happy11110.wav,Happy,220032
Happy111,Happy11111.wav,Happy,220608
Happy111,Happy11112.wav,Happy,220608
Happy111,Happy11113.wav,Happy,190656
Happy115,Happy11500.wav,Happy,220608
Happy115,Happy11501.wav,Happy,220608
Happy115,Happy11502.wav,Happy,220608
Happy115,Happy11503.wav,Happy,220608
Happy115,Happy11504.wav,Happy,220608
Happy115,Happy11505.wav,Happy,220032
Happy115,Happy11506.wav,Happy,220608
Happy115,Happy11507.wav,Happy,220608
Happy115,Happy11508.wav,Happy,220608
Happy115,Happy11509.wav,Happy,220608
Happy115,Happy11510.wav,Happy,220032
Happy115,Happy11511.wav,Happy,220608
Happy115,Happy11512.wav,Happy,220608
Happy115,Happy11513.wav,Happy,220608
Happy115,Happy11514.wav,Happy,220608
Happy115,Happy11515.wav,Happy,220032
Happy115,Happy11516.wav,Happy,124992
Happy132,Happy13200.wav,Happy,220608
Happy132,Happy13201.wav,Happy,220608
Happy132,Happy13202.wav,Happy,220608
Happy132,Happy13203.wav,Happy,220608
Happy132,Happy13204.wav,Happy,220608
Happy132,Happy13205.wav,Happy,220032
Happy132,Happy13206.wav,Happy,220608
Happy132,Happy13207.wav,Happy,220608
Happy132,Happy13208.wav,Happy,220608
Happy132,Happy13209.wav,Happy,220608
Happy132,Happy13210.wav,Happy,220032
Happy132,Happy13211.wav,Happy,220608
Happy132,Happy13212.wav,Happy,220608
Happy132,Happy13213.wav,Happy,220608
Happy132,Happy13214.wav,Happy,220608
Happy132,Happy13215.wav,Happy,220032
Happy132,Happy13216.wav,Happy,48960
Happy135,Happy13500.wav,Happy,220677
Happy135,Happy13501.wav,Happy,220677
Happy135,Happy13502.wav,Happy,220148
Happy135,Happy13503.wav,Happy,220677
Happy135,Happy13504.wav,Happy,220677
Happy135,Happy13505.wav,Happy,220148
Happy135,Happy13506.wav,Happy,220677
Happy135,Happy13507.wav,Happy,220677
Happy135,Happy13508.wav,Happy,220148
Happy135,Happy13509.wav,Happy,220677
Happy135,Happy13510.wav,Happy,220677
Happy135,Happy13511.wav,Happy,220148
Happy135,Happy13512.wav,Happy,220677
Happy135,Happy13513.wav,Happy,220677
Happy135,Happy13514.wav,Happy,30694
Happy136,Happy13600.wav,Happy,220608
Happy136,Happy13601.wav,Happy,220608
Happy136,Happy13602.wav,Happy,220608
Happy136,Happy13603.wav,Happy,220608
Happy136,Happy13604.wav,Happy,220608
Happy136,Happy13605.wav,Happy,220032
Happy136,Happy13606.wav,Happy,220608
Happy136,Happy13607.wav,Happy,220608
Happy136,Happy13608.wav,Happy,220608
Happy136,Happy13609.wav,Happy,220608
Happy136,Happy13610.wav,Happy,220032
Happy136,Happy13611.wav,Happy,220608
Happy136,Happy13612.wav,Happy,220608
Happy136,Happy13613.wav,Happy,220608
Happy136,Happy13614.wav,Happy,220608
Happy136,Happy13615.wav,Happy,220032
Happy136,Happy13616.wav,Happy,177984
Happy140,Happy14000.wav,Happy,220677
Happy140,Happy14001.wav,Happy,220677
Happy140,Happy14002.wav,Happy,220148
Happy140,Happy14003.wav,Happy,220677
Happy140,Happy14004.wav,Happy,220677
Happy140,Happy14005.wav,Happy,220148
Happy140,Happy14006.wav,Happy,220677
Happy140,Happy14007.wav,Happy,220677
Happy140,Happy14008.wav,Happy,220148
Happy140,Happy14009.wav,Happy,220677
Happy140,Happy14010.wav,Happy,220677
Happy140,Happy14011.wav,Happy,220148
Happy140,Happy14012.wav,Happy,173578
Happy144,Happy14400.wav,Happy,220608
Happy144,Happy14401.wav,Happy,220608
Happy144,Happy14402.wav,Happy,220608
Happy144,Happy14403.wav,Happy,220608
Happy144,Happy14404.wav,Happy,220608
Happy144,Happy14405.wav,Happy,220032
Happy144,Happy14406.wav,Happy,220608
Happy144,Happy14407.wav,Happy,220608
Happy144,Happy14408.wav,Happy,220608
Happy144,Happy14409.wav,Happy,220608
Happy144,Happy14410.wav,Happy,220032
Happy144,Happy14411.wav,Happy,220608
Happy144,Happy14412.wav,Happy,220608
Happy144,Happy14413.wav,Happy,220608
Happy144,Happy14414.wav,Happy,220608
Happy144,Happy14415.wav,Happy,220032
Happy144,Happy14416.wav,Happy,220608
Happy144,Happy14417.wav,Happy,220608
Happy144,Happy14418.wav,Happy,17280
Happy152,Happy15200.wav,Happy,220677
Happy152,Happy15201.wav,Happy,220677
Happy152,Happy15202.wav,Happy,220148
Happy152,Happy15203.wav,Happy,220677
Happy152,Happy15204.wav,Happy,220677
Happy152,Happy15205.wav,Happy,220148
Happy152,Happy15206.wav,Happy,220677
Happy152,Happy15207.wav,Happy,220677
Happy152,Happy15208.wav,Happy,220148
Happy152,Happy15209.wav,Happy,220677
Happy152,Happy15210.wav,Happy,220677
Happy152,Happy15211.wav,Happy,220148
Happy152,Happy15212.wav,Happy,220677
Happy152,Happy15213.wav,Happy,220677
Happy152,Happy15214.wav,Happy,220148
Happy152,Happy15215.wav,Happy,220677
Happy152,Happy15216.wav,Happy,220677
Happy152,Happy15217.wav,Happy,220148
Happy152,Happy15218.wav,Happy,190512
Happy158,Happy15800.wav,Happy,220608
Happy158,Happy15801.wav,Happy,220608
Happy158,Happy15802.wav,Happy,220608
Happy158,Happy15803.wav,Happy,220608
Happy158,Happy15804.wav,Happy,220608
Happy158,Happy15805.wav,Happy,220032
Happy158,Happy15806.wav,Happy,220608
Happy158,Happy15807.wav,Happy,220608
Happy158,Happy15808.wav,Happy,220608
Happy158,Happy15809.wav,Happy,220608
Happy158,Happy15810.wav,Happy,220032
Happy158,Happy15811.wav,Happy,220608
Happy158,Happy15812.wav,Happy,220608
Happy158,Happy15813.wav,Happy,220608
Happy158,Happy15814.wav,Happy,220608
Happy158,Happy15815.wav,Happy,144576
Happy172,Happy17200.wav,Happy,220608
Happy172,Happy17201.wav,Happy,220608
Happy172,Happy17202.wav,Happy,220608
Happy172,Happy17203.wav,Happy,220608
Happy172,Happy17204.wav,Happy,220608
Happy172,Happy17205.wav,Happy,220032
Happy172,Happy17206.wav,Happy,220608
Happy172,Happy17207.wav,Happy,220608
Happy172,Happy17208.wav,Happy,220608
Happy172,Happy17209.wav,Happy,220608
Happy172,Happy17210.wav,Happy,220032
Happy172,Happy17211.wav,Happy,220608
Happy172,Happy17212.wav,Happy,220608
Happy172,Happy17213.wav,Happy,177408
Happy178,Happy17800.wav,Happy,220608
Happy178,Happy17801.wav,Happy,220608
Happy178,Happy17802.wav,Happy,220608
Happy178,Happy17803.wav,Happy,220608
Happy178,Happy17804.wav,Happy,220608
Happy178,Happy17805.wav,Happy,220032
Happy178,Happy17806.wav,Happy,220608
Happy178,Happy17807.wav,Happy,220608
Happy178,Happy17808.wav,Happy,220608
Happy178,Happy17809.wav,Happy,220608
Happy178,Happy17810.wav,Happy,220032
Happy178,Happy17811.wav,Happy,220608
Happy178,Happy17812.wav,Happy,220608
Happy178,Happy17813.wav,Happy,220608
Happy178,Happy17814.wav,Happy,220608
Happy178,Happy17815.wav,Happy,220032
Happy178,Happy17816.wav,Happy,220608
Happy178,Happy17817.wav,Happy,220608
Happy178,Happy17818.wav,Happy,220608
Happy178,Happy17819.wav,Happy,220608
Happy178,Happy17820.wav,Happy,220608
Happy178,Happy17821.wav,Happy,220032
Happy178,Happy17822.wav,Happy,220608
Happy178,Happy17823.wav,Happy,220608
Happy178,Happy17824.wav,Happy,118656
Happy181,Happy18100.wav,Happy,220677
Happy181,Happy18101.wav,Happy,220677
Happy181,Happy18102.wav,Happy,220148
Happy181,Happy18103.wav,Happy,1059
Happy186,Happy18600.wav,Happy,220608
Happy186,Happy18601.wav,Happy,220608
Happy186,Happy18602.wav,Happy,220608
Happy186,Happy18603.wav,Happy,220608
Happy186,Happy18604.wav,Happy,220608
Happy186,Happy18605.wav,Happy,220032
Happy186,Happy18606.wav,Happy,220608
Happy186,Happy18607.wav,Happy,220608
Happy186,Happy18608.wav,Happy,220608
Happy186,Happy18609.wav,Happy,184896
Happy197,Happy19700.wav,Happy,220608
Happy197,Happy19701.wav,Happy,220608
Happy197,Happy19702.wav,Happy,220608
Happy197,Happy19703.wav,Happy,220608
Happy197,Happy19704.wav,Happy,220608
Happy197,Happy19705.wav,Happy,220032
Happy197,Happy19706.wav,Happy,220608
Happy197,Happy19707.wav,Happy,220608
Happy197,Happy19708.wav,Happy,220608
Happy197,Happy19709.wav,Happy,220608
Happy197,Happy19710.wav,Happy,220032
Happy197,Happy19711.wav,Happy,220608
Happy197,Happy19712.wav,Happy,220608
Happy197,Happy19713.wav,Happy,220608
Happy197,Happy19714.wav,Happy,220608
Happy197,Happy19715.wav,Happy,220032
Happy197,Happy19716.wav,Happy,220608
Happy197,Happy19717.wav,Happy,220608
Happy197,Happy19718.wav,Happy,220608
Happy197,Happy19719.wav,Happy,220608
Happy197,Happy19720.wav,Happy,58176
Happy199,Happy19900.wav,Happy,220608
Happy199,Happy19901.wav,Happy,220608
Happy199,Happy19902.wav,Happy,220608
Happy199,Happy19903.wav,Happy,220608
Happy199,Happy19904.wav,Happy,220608
Happy199,Happy19905.wav,Happy,220032
Happy199,Happy19906.wav,Happy,220608
Happy199,Happy19907.wav,Happy,220608
Happy199,Happy19908.wav,Happy,220608
Happy199,Happy19909.wav,Happy,220608
Happy199,Happy19910.wav,Happy,220032
Happy199,Happy19911.wav,Happy,220608
Happy199,Happy19912.wav,Happy,220608
Happy199,Happy19913.wav,Happy,220608
Happy199,Happy19914.wav,Happy,220608
Happy199,Happy19915.wav,Happy,220032
Happy199,Happy19916.wav,Happy,220608
Happy199,Happy19917.wav,Happy,220608
Happy199,Happy19918.wav,Happy,21312
Happy214,Happy21400.wav,Happy,220608
Happy214,Happy21401.wav,Happy,220608
Happy214,Happy21402.wav,Happy,220608
Happy214,Happy21403.wav,Happy,220608
Happy214,Happy21404.wav,Happy,220608
Happy214,Happy21405.wav,Happy,220032
Happy214,Happy21406.wav,Happy,220608
Happy214,Happy21407.wav,Happy,220608
Happy214,Happy21408.wav,Happy,220608
Happy214,Happy21409.wav,Happy,220608
Happy214,Happy21410.wav,Happy,220032
Happy214,Happy21411.wav,Happy,220608
Happy214,Happy21412.wav,Happy,220608
Happy214,Happy21413.wav,Happy,220608
Happy214,Happy21414.wav,Happy,220608
Happy214,Happy21415.wav,Happy,220032
Happy214,Happy21416.wav,Happy,220608
Happy214,Happy21417.wav,Happy,220608
Happy214,Happy21418.wav,Happy,220608
Happy214,Happy21419.wav,Happy,29376
Happy219,Happy21900.wav,Happy,220608
Happy219,Happy21901.wav,Happy,220608
Happy219,Happy21902.wav,Happy,220608
Happy219,Happy21903.wav,Happy,220608
Happy219,Happy21904.wav,Happy,220608
Happy219,Happy21905.wav,Happy,220032
Happy219,Happy21906.wav,Happy,220608
Happy219,Happy21907.wav,Happy,220608
Happy219,Happy21908.wav,Happy,220608
Happy219,Happy21909.wav,Happy,220608
Happy219,Happy21910.wav,Happy,220032
Happy219,Happy21911.wav,Happy,220608
Happy219,Happy21912.wav,Happy,220608
Happy219,Happy21913.wav,Happy,220608
Happy219,Happy21914.wav,Happy,220608
Happy219,Happy21915.wav,Happy,180288
Happy220,Happy22000.wav,Happy,220608
Happy220,Happy22001.wav,Happy,220608
Happy220,Happy22002.wav,Happy,220608
Happy220,Happy22003.wav,Happy,220608
Happy220,Happy22004.wav,Happy,220608
Happy220,Happy22005.wav,Happy,220032
Happy220,Happy22006.wav,Happy,220608
Happy220,Happy22007.wav,Happy,220608
Happy220,Happy22008.wav,Happy,220608
Happy220,Happy22009.wav,Happy,220608
Happy220,Happy22010.wav,Happy,220032
Happy220,Happy22011.wav,Happy,220608
Happy220,Happy22012.wav,Happy,220608
Happy220,Happy22013.wav,Happy,220608
Happy220,Happy22014.wav,Happy,220608
Happy220,Happy22015.wav,Happy,220032
Happy220,Happy22016.wav,Happy,220608
Happy220,Happy22017.wav,Happy,92736
Happy231,Happy23100.wav,Happy,220677
Happy231,Happy23101.wav,Happy,220677
Happy231,Happy23102.wav,Happy,220148
Happy231,Happy23103.wav,Happy,220677
Happy231,Happy23104.wav,Happy,220677
Happy231,Happy23105.wav,Happy,220148
Happy231,Happy23106.wav,Happy,220677
Happy231,Happy23107.wav,Happy,220677
Happy231,Happy23108.wav,Happy,220148
Happy231,Happy23109.wav,Happy,220677
Happy231,Happy23110.wav,Happy,220677
Happy231,Happy23111.wav,Happy,220148
Happy231,Happy23112.wav,Happy,220677
Happy231,Happy23113.wav,Happy,167757
Happy253,Happy25300.wav,Happy,220608
Happy253,Happy25301.wav,Happy,220608
Happy253,Happy25302.wav,Happy,220608
Happy253,Happy25303.wav,Happy,220608
Happy253,Happy25304.wav,Happy,220608
Happy253,Happy25305.wav,Happy,220032
Happy253,Happy25306.wav,Happy,220608
Happy253,Happy25307.wav,Happy,220608
Happy253,Happy25308.wav,Happy,220608
Happy253,Happy25309.wav,Happy,220608
Happy253,Happy25310.wav,Happy,220032
Happy253,Happy25311.wav,Happy,220608
Happy253,Happy25312.wav,Happy,220608
Happy253,Happy25313.wav,Happy,220608
Happy253,Happy25314.wav,Happy,220608
Happy253,Happy25315.wav,Happy,220032
Happy253,Happy25316.wav,Happy,220608
Happy253,Happy25317.wav,Happy,220608
Happy253,Happy25318.wav,Happy,220608
Happy253,Happy25319.wav,Happy,220608
Happy253,Happy25320.wav,Happy,220608
Happy253,Happy25321.wav,Happy,220032
Happy253,Happy25322.wav,Happy,220608
Happy253,Happy25323.wav,Happy,202752
Happy256,Happy25600.wav,Happy,220677
Happy256,Happy25601.wav,Happy,220677
Happy256,Happy25602.wav,Happy,220148
Happy256,Happy25603.wav,Happy,1059
Happy262,Happy26200.wav,Happy,220608
Happy262,Happy26201.wav,Happy,220608
Happy262,Happy26202.wav,Happy,220608
Happy262,Happy26203.wav,Happy,220608
Happy262,Happy26204.wav,Happy,220608
Happy262,Happy26205.wav,Happy,220032
Happy262,Happy26206.wav,Happy,220608
Happy262,Happy26207.wav,Happy,220608
Happy262,Happy26208.wav,Happy,220608
Happy262,Happy26209.wav,Happy,220608
Happy262,Happy26210.wav,Happy,220032
Happy262,Happy26211.wav,Happy,220608
Happy262,Happy26212.wav,Happy,220608
Happy262,Happy26213.wav,Happy,220608
Happy262,Happy26214.wav,Happy,171072
Happy265,Happy26500.wav,Happy,220608
Happy265,Happy26501.wav,Happy,220608
Happy265,Happy26502.wav,Happy,220608
Happy265,Happy26503.wav,Happy,220608
Happy265,Happy26504.wav,Happy,220608
Happy265,Happy26505.wav,Happy,220032
Happy265,Happy26506.wav,Happy,220608
Happy265,Happy26507.wav,Happy,220608
Happy265,Happy26508.wav,Happy,220608
Happy265,Happy26509.wav,Happy,220608
Happy265,Happy26510.wav,Happy,220032
Happy265,Happy26511.wav,Happy,220608
Happy265,Happy26512.wav,Happy,220608
Happy265,Happy26513.wav,Happy,220608
Happy265,Happy26514.wav,Happy,220608
Happy265,Happy26515.wav,Happy,220032
Happy265,Happy26516.wav,Happy,220608
Happy265,Happy26517.wav,Happy,220608
Happy265,Happy26518.wav,Happy,220608
Happy265,Happy26519.wav,Happy,220608
Happy265,Happy26520.wav,Happy,220608
Happy265,Happy26521.wav,Happy,220032
Happy265,Happy26522.wav,Happy,220608
Happy265,Happy26523.wav,Happy,180288
Happy279,Happy27900.wav,Happy,220608
Happy279,Happy27901.wav,Happy,220608
Happy279,Happy27902.wav,Happy,220608
Happy279,Happy27903.wav,Happy,220608
Happy279,Happy27904.wav,Happy,220608
Happy279,Happy27905.wav,Happy,220032
Happy279,Happy27906.wav,Happy,220608
Happy279,Happy27907.wav,Happy,220608
Happy279,Happy27908.wav,Happy,220608
Happy279,Happy27909.wav,Happy,220608
Happy279,Happy27910.wav,Happy,220032
Happy279,Happy27911.wav,Happy,220608
Happy279,Happy27912.wav,Happy,194688
Happy283,Happy28300.wav,Happy,220608
Happy283,Happy28301.wav,Happy,220608
Happy283,Happy28302.wav,Happy,220608
Happy283,Happy28303.wav,Happy,220608
Happy283,Happy28304.wav,Happy,220608
Happy283,Happy28305.wav,Happy,220032
Happy283,Happy28306.wav,Happy,220608
Happy283,Happy28307.wav,Happy,220608
Happy283,Happy28308.wav,Happy,220608
Happy283,Happy28309.wav,Happy,220608
Happy283,Happy28310.wav,Happy,220032
Happy283,Happy28311.wav,Happy,220608
Happy283,Happy28312.wav,Happy,220608
Happy283,Happy28313.wav,Happy,220608
Happy283,Happy28314.wav,Happy,220608
Happy283,Happy28315.wav,Happy,220032
Happy283,Happy28316.wav,Happy,220608
Happy283,Happy28317.wav,Happy,220608
Happy283,Happy28318.wav,Happy,220608
Happy283,Happy28319.wav,Happy,220608
Happy283,Happy28320.wav,Happy,220608
Happy283,Happy28321.wav,Happy,220032
Happy283,Happy28322.wav,Happy,220608
Happy283,Happy28323.wav,Happy,220608
Happy283,Happy28324.wav,Happy,220608
Happy283,Happy28325.wav,Happy,99072
Happy290,Happy29000.wav,Happy,220677
Happy290,Happy29001.wav,Happy,220677
Happy290,Happy29002.wav,Happy,220148
Happy290,Happy29003.wav,Happy,220677
Happy290,Happy29004.wav,Happy,220677
Happy290,Happy29005.wav,Happy,220148
Happy290,Happy29006.wav,Happy,220677
Happy290,Happy29007.wav,Happy,220677
Happy290,Happy29008.wav,Happy,220148
Happy290,Happy29009.wav,Happy,220677
Happy290,Happy29010.wav,Happy,220677
Happy290,Happy29011.wav,Happy,220148
Happy290,Happy29012.wav,Happy,220677
Happy290,Happy29013.wav,Happy,220677
Happy290,Happy29014.wav,Happy,220148
Happy290,Happy29015.wav,Happy,220677
Happy290,Happy29016.wav,Happy,220677
Happy290,Happy29017.wav,Happy,220148
Happy290,Happy29018.wav,Happy,220677
Happy290,Happy29019.wav,Happy,220677
Happy290,Happy29020.wav,Happy,220148
Happy290,Happy29021.wav,Happy,220677
Happy290,Happy29022.wav,Happy,218031
Happy295,Happy29500.wav,Happy,220608
Happy295,Happy29501.wav,Happy,220608
Happy295,Happy29502.wav,Happy,220608
Happy295,Happy29503.wav,Happy,220608
Happy295,Happy29504.wav,Happy,220608
Happy295,Happy29505.wav,Happy,220032
Happy295,Happy29506.wav,Happy,220608
Happy295,Happy29507.wav,Happy,220608
Happy295,Happy29508.wav,Happy,220608
Happy295,Happy29509.wav,Happy,220608
Happy295,Happy29510.wav,Happy,220032
Happy295,Happy29511.wav,Happy,220608
Happy295,Happy29512.wav,Happy,220608
Happy295,Happy29513.wav,Happy,220608
Happy295,Happy29514.wav,Happy,220608
Happy295,Happy29515.wav,Happy,220032
Happy295,Happy29516.wav,Happy,220608
Happy295,Happy29517.wav,Happy,54720
Happy299,Happy29900.wav,Happy,220608
Happy299,Happy29901.wav,Happy,220608
Happy299,Happy29902.wav,Happy,220608
Happy299,Happy29903.wav,Happy,220608
Happy299,Happy29904.wav,Happy,220608
Happy299,Happy29905.wav,Happy,220032
Happy299,Happy29906.wav,Happy,220608
Happy299,Happy29907.wav,Happy,220608
Happy299,Happy29908.wav,Happy,220608
Happy299,Happy29909.wav,Happy,220608
Happy299,Happy29910.wav,Happy,220032
Happy299,Happy29911.wav,Happy,220608
Happy299,Happy29912.wav,Happy,220608
Happy299,Happy29913.wav,Happy,220608
Happy299,Happy29914.wav,Happy,220608
Happy299,Happy29915.wav,Happy,168192
Happy314,Happy31400.wav,Happy,220608
Happy314,Happy31401.wav,Happy,220608
Happy314,Happy31402.wav,Happy,220608
Happy314,Happy31403.wav,Happy,220608
Happy314,Happy31404.wav,Happy,220608
Happy314,Happy31405.wav,Happy,220032
Happy314,Happy31406.wav,Happy,220608
Happy314,Happy31407.wav,Happy,220608
Happy314,Happy31408.wav,Happy,220608
Happy314,Happy31409.wav,Happy,220608
Happy314,Happy31410.wav,Happy,220032
Happy314,Happy31411.wav,Happy,220608
Happy314,Happy31412.wav,Happy,166464
Happy327,Happy32700.wav,Happy,220677
Happy327,Happy32701.wav,Happy,220677
Happy327,Happy32702.wav,Happy,220148
Happy327,Happy32703.wav,Happy,220677
Happy327,Happy32704.wav,Happy,220677
Happy327,Happy32705.wav,Happy,220148
Happy327,Happy32706.wav,Happy,220677
Happy327,Happy32707.wav,Happy,220677
Happy327,Happy32708.wav,Happy,220148
Happy327,Happy32709.wav,Happy,220677
Happy327,Happy32710.wav,Happy,220677
Happy327,Happy32711.wav,Happy,220148
Happy327,Happy32712.wav,Happy,220677
Happy327,Happy32713.wav,Happy,220677
Happy327,Happy32714.wav,Happy,220148
Happy327,Happy32715.wav,Happy,220677
Happy327,Happy32716.wav,Happy,220677
Happy327,Happy32717.wav,Happy,220148
Happy327,Happy32718.wav,Happy,220677
Happy327,Happy32719.wav,Happy,43924
Happy334,Happy33400.wav,Happy,220608
Happy334,Happy33401.wav,Happy,220608
Happy334,Happy33402.wav,Happy,220608
Happy334,Happy33403.wav,Happy,220608
Happy334,Happy33404.wav,Happy,220608
Happy334,Happy33405.wav,Happy,220032
Happy334,Happy33406.wav,Happy,220608
Happy334,Happy33407.wav,Happy,220608
Happy334,Happy33408.wav,Happy,220608
Happy334,Happy33409.wav,Happy,220608
Happy334,Happy33410.wav,Happy,220032
Happy334,Happy33411.wav,Happy,220608
Happy334,Happy33412.wav,Happy,220608
Happy334,Happy33413.wav,Happy,220608
Happy334,Happy33414.wav,Happy,220608
Happy334,Happy33415.wav,Happy,220032
Happy334,Happy33416.wav,Happy,220608
Happy334,Happy33417.wav,Happy,220608
Happy334,Happy33418.wav,Happy,218880
Happy335,Happy33500.wav,Happy,220608
Happy335,Happy33501.wav,Happy,220608
Happy335,Happy33502.wav,Happy,220608
Happy335,Happy33503.wav,Happy,220608
Happy335,Happy33504.wav,Happy,220608
Happy335,Happy33505.wav,Happy,220032
Happy335,Happy33506.wav,Happy,220608
Happy335,Happy33507.wav,Happy,220608
Happy335,Happy33508.wav,Happy,220608
Happy335,Happy33509.wav,Happy,220608
Happy335,Happy33510.wav,Happy,220032
Happy335,Happy33511.wav,Happy,220608
Happy335,Happy33512.wav,Happy,220608
Happy335,Happy33513.wav,Happy,127296
Happy336,Happy33600.wav,Happy,220608
Happy336,Happy33601.wav,Happy,220608
Happy336,Happy33602.wav,Happy,220608
Happy336,Happy33603.wav,Happy,220608
Happy336,Happy33604.wav,Happy,220608
Happy336,Happy33605.wav,Happy,220032
Happy336,Happy33606.wav,Happy,220608
Happy336,Happy33607.wav,Happy,220608
Happy336,Happy33608.wav,Happy,220608
Happy336,Happy33609.wav,Happy,220608
Happy336,Happy33610.wav,Happy,220032
Happy336,Happy33611.wav,Happy,220608
Happy336,Happy33612.wav,Happy,220608
Happy336,Happy33613.wav,Happy,44928
Happy357,Happy35700.wav,Happy,220608
Happy357,Happy35701.wav,Happy,220608
Happy357,Happy35702.wav,Happy,220608
Happy357,Happy35703.wav,Happy,220608
Happy357,Happy35704.wav,Happy,220608
Happy357,Happy35705.wav,Happy,220032
Happy357,Happy35706.wav,Happy,220608
Happy357,Happy35707.wav,Happy,220608
Happy357,Happy35708.wav,Happy,220608
Happy357,Happy35709.wav,Happy,220608
Happy357,Happy35710.wav,Happy,220032
Happy357,Happy35711.wav,Happy,220608
Happy357,Happy35712.wav,Happy,220608
Happy357,Happy35713.wav,Happy,220608
Happy357,Happy35714.wav,Happy,220608
Happy357,Happy35715.wav,Happy,135936
Happy359,Happy35900.wav,Happy,220608
Happy359,Happy35901.wav,Happy,220608
Happy359,Happy35902.wav,Happy,220608
Happy359,Happy35903.wav,Happy,220608
Happy359,Happy35904.wav,Happy,220608
Happy359,Happy35905.wav,Happy,220032
Happy359,Happy35906.wav,Happy,220608
Happy359,Happy35907.wav,Happy,220608
Happy359,Happy35908.wav,Happy,220608
Happy359,Happy35909.wav,Happy,220608
Happy359,Happy35910.wav,Happy,220032
Happy359,Happy35911.wav,Happy,220608
Happy359,Happy35912.wav,Happy,220608
Happy359,Happy35913.wav,Happy,220608
Happy359,Happy35914.wav,Happy,220608
Happy359,Happy35915.wav,Happy,123840
Happy363,Happy36300.wav,Happy,220608
Happy363,Happy36301.wav,Happy,220608
Happy363,Happy36302.wav,Happy,220608
Happy363,Happy36303.wav,Happy,220608
Happy363,Happy36304.wav,Happy,220608
Happy363,Happy36305.wav,Happy,220032
Happy363,Happy36306.wav,Happy,220608
Happy363,Happy36307.wav,Happy,220608
Happy363,Happy36308.wav,Happy,220608
Happy363,Happy36309.wav,Happy,220608
Happy363,Happy36310.wav,Happy,220032
Happy363,Happy36311.wav,Happy,220608
Happy363,Happy36312.wav,Happy,220608
Happy363,Happy36313.wav,Happy,220608
Happy363,Happy36314.wav,Happy,151488
Happy365,Happy36500.wav,Happy,220608
Happy365,Happy36501.wav,Happy,220608
Happy365,Happy36502.wav,Happy,220608
Happy365,Happy36503.wav,Happy,220608
Happy365,Happy36504.wav,Happy,220608
Happy365,Happy36505.wav,Happy,220032
Happy365,Happy36506.wav,Happy,220608
Happy365,Happy36507.wav,Happy,220608
Happy365,Happy36508.wav,Happy,220608
Happy365,Happy36509.wav,Happy,220608
Happy365,Happy36510.wav,Happy,220032
Happy365,Happy36511.wav,Happy,220608
Happy365,Happy36512.wav,Happy,220608
Happy365,Happy36513.wav,Happy,220608
Happy365,Happy36514.wav,Happy,220608
Happy365,Happy36515.wav,Happy,220032
Happy365,Happy36516.wav,Happy,220608
Happy365,Happy36517.wav,Happy,220608
Happy365,Happy36518.wav,Happy,220608
Happy365,Happy36519.wav,Happy,220608
Happy365,Happy36520.wav,Happy,220608
Happy365,Happy36521.wav,Happy,220032
Happy365,Happy36522.wav,Happy,220608
Happy365,Happy36523.wav,Happy,45504
Happy367,Happy36700.wav,Happy,220608
Happy367,Happy36701.wav,Happy,220608
Happy367,Happy36702.wav,Happy,220608
Happy367,Happy36703.wav,Happy,220608
Happy367,Happy36704.wav,Happy,220608
Happy367,Happy36705.wav,Happy,220032
Happy367,Happy36706.wav,Happy,220608
Happy367,Happy36707.wav,Happy,220608
Happy367,Happy36708.wav,Happy,220608
Happy367,Happy36709.wav,Happy,220608
Happy367,Happy36710.wav,Happy,220032
Happy367,Happy36711.wav,Happy,220608
Happy367,Happy36712.wav,Happy,220608
Happy367,Happy36713.wav,Happy,220608
Happy367,Happy36714.wav,Happy,220608
Happy367,Happy36715.wav,Happy,220032
Happy367,Happy36716.wav,Happy,198720
Happy374,Happy37400.wav,Happy,220608
Happy374,Happy37401.wav,Happy,220608
Happy374,Happy37402.wav,Happy,220608
Happy374,Happy37403.wav,Happy,220608
Happy374,Happy37404.wav,Happy,220608
Happy374,Happy37405.wav,Happy,220032
Happy374,Happy37406.wav,Happy,220608
Happy374,Happy37407.wav,Happy,220608
Happy374,Happy37408.wav,Happy,220608
Happy374,Happy37409.wav,Happy,220608
Happy374,Happy37410.wav,Happy,220032
Happy374,Happy37411.wav,Happy,220608
Happy374,Happy37412.wav,Happy,190080
Happy382,Happy38200.wav,Happy,220677
Happy382,Happy38201.wav,Happy,220677
Happy382,Happy38202.wav,Happy,220148
Happy382,Happy38203.wav,Happy,220677
Happy382,Happy38204.wav,Happy,220677
Happy382,Happy38205.wav,Happy,220148
Happy382,Happy38206.wav,Happy,220677
Happy382,Happy38207.wav,Happy,220677
Happy382,Happy38208.wav,Happy,220148
Happy382,Happy38209.wav,Happy,220677
Happy382,Happy38210.wav,Happy,220677
Happy382,Happy38211.wav,Happy,220148
Happy382,Happy38212.wav,Happy,220677
Happy382,Happy38213.wav,Happy,220677
Happy382,Happy38214.wav,Happy,220148
Happy382,Happy38215.wav,Happy,220677
Happy382,Happy38216.wav,Happy,220677
Happy382,Happy38217.wav,Happy,41278
Happy389,Happy38900.wav,Happy,220608
Happy389,Happy38901.wav,Happy,220608
Happy389,Happy38902.wav,Happy,220608
Happy389,Happy38903.wav,Happy,220608
Happy389,Happy38904.wav,Happy,220608
Happy389,Happy38905.wav,Happy,220032
Happy389,Happy38906.wav,Happy,220608
Happy389,Happy38907.wav,Happy,220608
Happy389,Happy38908.wav,Happy,220608
Happy389,Happy38909.wav,Happy,220608
Happy389,Happy38910.wav,Happy,220032
Happy389,Happy38911.wav,Happy,220608
Happy389,Happy38912.wav,Happy,220608
Happy389,Happy38913.wav,Happy,220608
Happy389,Happy38914.wav,Happy,220608
Happy389,Happy38915.wav,Happy,220032
Happy389,Happy38916.wav,Happy,220608
Happy389,Happy38917.wav,Happy,220608
Happy389,Happy38918.wav,Happy,20160
Happy391,Happy39100.wav,Happy,220677
Happy391,Happy39101.wav,Happy,220677
Happy391,Happy39102.wav,Happy,220148
Happy391,Happy39103.wav,Happy,220677
Happy391,Happy39104.wav,Happy,220677
Happy391,Happy39105.wav,Happy,220148
Happy391,Happy39106.wav,Happy,220677
Happy391,Happy39107.wav,Happy,220677
Happy391,Happy39108.wav,Happy,220148
Happy391,Happy39109.wav,Happy,220677
Happy391,Happy39110.wav,Happy,220677
Happy391,Happy39111.wav,Happy,220148
Happy391,Happy39112.wav,Happy,1059
Happy399,Happy39900.wav,Happy,220677
Happy399,Happy39901.wav,Happy,220677
Happy399,Happy39902.wav,Happy,220148
Happy399,Happy39903.wav,Happy,1059
Happy402,Happy40200.wav,Happy,220677
Happy402,Happy40201.wav,Happy,220677
Happy402,Happy40202.wav,Happy,220148
Happy402,Happy40203.wav,Happy,220677
Happy402,Happy40204.wav,Happy,220677
Happy402,Happy40205.wav,Happy,220148
Happy402,Happy40206.wav,Happy,220677
Happy402,Happy40207.wav,Happy,220677
Happy402,Happy40208.wav,Happy,220148
Happy402,Happy40209.wav,Happy,220677
Happy402,Happy40210.wav,Happy,220677
Happy402,Happy40211.wav,Happy,220148
Happy402,Happy40212.wav,Happy,220677
Happy402,Happy40213.wav,Happy,220677
Happy402,Happy40214.wav,Happy,3705
Happy412,Happy41200.wav,Happy,220608
Happy412,Happy41201.wav,Happy,220608
Happy412,Happy41202.wav,Happy,220608
Happy412,Happy41203.wav,Happy,220608
Happy412,Happy41204.wav,Happy,220608
Happy412,Happy41205.wav,Happy,220032
Happy412,Happy41206.wav,Happy,220608
Happy412,Happy41207.wav,Happy,220608
Happy412,Happy41208.wav,Happy,220608
Happy412,Happy41209.wav,Happy,220608
Happy412,Happy41210.wav,Happy,220032
Happy412,Happy41211.wav,Happy,220608
Happy412,Happy41212.wav,Happy,220608
Happy412,Happy41213.wav,Happy,220608
Happy412,Happy41214.wav,Happy,220608
Happy412,Happy41215.wav,Happy,220032
Happy412,Happy41216.wav,Happy,220608
Happy412,Happy41217.wav,Happy,220608
Happy412,Happy41218.wav,Happy,57024
Happy415,Happy41500.wav,Happy,220608
Happy415,Happy41501.wav,Happy,220608
Happy415,Happy41502.wav,Happy,220608
Happy415,Happy41503.wav,Happy,220608
Happy415,Happy41504.wav,Happy,220608
Happy415,Happy41505.wav,Happy,220032
Happy415,Happy41506.wav,Happy,220608
Happy415,Happy41507.wav,Happy,220608
Happy415,Happy41508.wav,Happy,220608
Happy415,Happy41509.wav,Happy,220608
Happy415,Happy41510.wav,Happy,220032
Happy415,Happy41511.wav,Happy,220608
Happy415,Happy41512.wav,Happy,220608
Happy415,Happy41513.wav,Happy,220608
Happy415,Happy41514.wav,Happy,220608
Happy415,Happy41515.wav,Happy,178560
Happy418,Happy41800.wav,Happy,220608
Happy418,Happy41801.wav,Happy,220608
Happy418,Happy41802.wav,Happy,220608
Happy418,Happy41803.wav,Happy,220608
Happy418,Happy41804.wav,Happy,220608
Happy418,Happy41805.wav,Happy,220032
Happy418,Happy41806.wav,Happy,220608
Happy418,Happy41807.wav,Happy,220608
Happy418,Happy41808.wav,Happy,220608
Happy418,Happy41809.wav,Happy,220608
Happy418,Happy41810.wav,Happy,220032
Happy418,Happy41811.wav,Happy,220608
Happy418,Happy41812.wav,Happy,220608
Happy418,Happy41813.wav,Happy,52992
Happy430,Happy43000.wav,Happy,220608
Happy430,Happy43001.wav,Happy,220608
Happy430,Happy43002.wav,Happy,220608
Happy430,Happy43003.wav,Happy,220608
Happy430,Happy43004.wav,Happy,220608
Happy430,Happy43005.wav,Happy,220032
Happy430,Happy43006.wav,Happy,220608
Happy430,Happy43007.wav,Happy,220608
Happy430,Happy43008.wav,Happy,220608
Happy430,Happy43009.wav,Happy,220608
Happy430,Happy43010.wav,Happy,220032
Happy430,Happy43011.wav,Happy,220608
Happy430,Happy43012.wav,Happy,220608
Happy430,Happy43013.wav,Happy,220608
Happy430,Happy43014.wav,Happy,220608
Happy430,Happy43015.wav,Happy,220032
Happy430,Happy43016.wav,Happy,135936
Happy434,Happy43400.wav,Happy,220608
Happy434,Happy43401.wav,Happy,220608
Happy434,Happy43402.wav,Happy,220608
Happy434,Happy43403.wav,Happy,220608
Happy434,Happy43404.wav,Happy,220608
Happy434,Happy43405.wav,Happy,220032
Happy434,Happy43406.wav,Happy,220608
Happy434,Happy43407.wav,Happy,220608
Happy434,Happy43408.wav,Happy,220608
Happy434,Happy43409.wav,Happy,220608
Happy434,Happy43410.wav,Happy,220032
Happy434,Happy43411.wav,Happy,220608
Happy434,Happy43412.wav,Happy,220608
Happy434,Happy43413.wav,Happy,220608
Happy434,Happy43414.wav,Happy,220608
Happy434,Happy43415.wav,Happy,220032
Happy434,Happy43416.wav,Happy,220608
Happy434,Happy43417.wav,Happy,220608
Happy434,Happy43418.wav,Happy,220608
Happy434,Happy43419.wav,Happy,220608
Happy434,Happy43420.wav,Happy,220608
Happy434,Happy43421.wav,Happy,220032
Happy434,Happy43422.wav,Happy,220608
Happy434,Happy43423.wav,Happy,220608
Happy434,Happy43424.wav,Happy,220608
Happy434,Happy43425.wav,Happy,44928
Sad116,Sad11600.wav,Sad,220608
Sad116,Sad11601.wav,Sad,220608
Sad116,Sad11602.wav,Sad,220608
Sad116,Sad11603.wav,Sad,220608
Sad116,Sad11604.wav,Sad,220608
Sad116,Sad11605.wav,Sad,220032
Sad116,Sad11606.wav,Sad,220608
Sad116,Sad11607.wav,Sad,220608
Sad116,Sad11608.wav,Sad,220608
Sad116,Sad11609.wav,Sad,220608
Sad116,Sad11610.wav,Sad,220032
Sad116,Sad11611.wav,Sad,220608
Sad116,Sad11612.wav,Sad,220608
Sad116,Sad11613.wav,Sad,220608
Sad116,Sad11614.wav,Sad,220608
Sad116,Sad11615.wav,Sad,220032
Sad116,Sad11616.wav,Sad,201024
Sad129,Sad12900.wav,Sad,220608
Sad129,Sad12901.wav,Sad,220608
Sad129,Sad12902.wav,Sad,220608
Sad129,Sad12903.wav,Sad,220608
Sad129,Sad12904.wav,Sad,220608
Sad129,Sad12905.wav,Sad,220032
Sad129,Sad12906.wav,Sad,220608
Sad129,Sad12907.wav,Sad,220608
Sad129,Sad12908.wav,Sad,220608
Sad129,Sad12909.wav,Sad,220608
Sad129,Sad12910.wav,Sad,220032
Sad129,Sad12911.wav,Sad,220608
Sad129,Sad12912.wav,Sad,220608
Sad129,Sad12913.wav,Sad,220608
Sad129,Sad12914.wav,Sad,220608
Sad129,Sad12915.wav,Sad,220032
Sad129,Sad12916.wav,Sad,220608
Sad129,Sad12917.wav,Sad,220608
Sad129,Sad12918.wav,Sad,220608
Sad129,Sad12919.wav,Sad,220608
Sad129,Sad12920.wav,Sad,220608
Sad129,Sad12921.wav,Sad,220032
Sad129,Sad12922.wav,Sad,220608
Sad129,Sad12923.wav,Sad,220608
Sad129,Sad12924.wav,Sad,220608
Sad129,Sad12925.wav,Sad,220608
Sad129,Sad12926.wav,Sad,220032
Sad129,Sad12927.wav,Sad,220608
Sad129,Sad12928.wav,Sad,220608
Sad129,Sad12929.wav,Sad,220608
Sad129,Sad12930.wav,Sad,220608
Sad129,Sad12931.wav,Sad,220032
Sad129,Sad12932.wav,Sad,220608
Sad129,Sad12933.wav,Sad,220608
Sad129,Sad12934.wav,Sad,220608
Sad129,Sad12935.wav,Sad,220608
Sad129,Sad12936.wav,Sad,220608
Sad129,Sad12937.wav,Sad,220032
Sad129,Sad12938.wav,Sad,220608
Sad129,Sad12939.wav,Sad,118656
Sad141,Sad14100.wav,Sad,220608
Sad141,Sad14101.wav,Sad,220608
Sad141,Sad14102.wav,Sad,220608
Sad141,Sad14103.wav,Sad,220608
Sad141,Sad14104.wav,Sad,220608
Sad141,Sad14105.wav,Sad,220032
Sad141,Sad14106.wav,Sad,220608
Sad141,Sad14107.wav,Sad,220608
Sad141,Sad14108.wav,Sad,220608
Sad141,Sad14109.wav,Sad,220608
Sad141,Sad14110.wav,Sad,220032
Sad141,Sad14111.wav,Sad,220608
Sad141,Sad14112.wav,Sad,220608
Sad141,Sad14113.wav,Sad,220608
Sad141,Sad14114.wav,Sad,220608
Sad141,Sad14115.wav,Sad,220032
Sad141,Sad14116.wav,Sad,220608
Sad141,Sad14117.wav,Sad,220608
Sad141,Sad14118.wav,Sad,220608
Sad141,Sad14119.wav,Sad,63360
Sad144,Sad14400.wav,Sad,220608
Sad144,Sad14401.wav,Sad,220608
Sad144,Sad14402.wav,Sad,220608
Sad144,Sad14403.wav,Sad,220608
Sad144,Sad14404.wav,Sad,220608
Sad144,Sad14405.wav,Sad,220032
Sad144,Sad14406.wav,Sad,220608
Sad144,Sad14407.wav,Sad,220608
Sad144,Sad14408.wav,Sad,220608
Sad144,Sad14409.wav,Sad,220608
Sad144,Sad14410.wav,Sad,220032
Sad144,Sad14411.wav,Sad,220608
Sad144,Sad14412.wav,Sad,220608
Sad144,Sad14413.wav,Sad,220608
Sad144,Sad14414.wav,Sad,220608
Sad144,Sad14415.wav,Sad,220032
Sad144,Sad14416.wav,Sad,220608
Sad144,Sad14417.wav,Sad,220608
Sad144,Sad14418.wav,Sad,220608
Sad144,Sad14419.wav,Sad,220608
Sad144,Sad14420.wav,Sad,220608
Sad144,Sad14421.wav,Sad,220032
Sad144,Sad14422.wav,Sad,220608
Sad144,Sad14423.wav,Sad,45504
Sad152,Sad15200.wav,Sad,220608
Sad152,Sad15201.wav,Sad,220608
Sad152,Sad15202.wav,Sad,220608
Sad152,Sad15203.wav,Sad,220608
Sad152,Sad15204.wav,Sad,220608
Sad152,Sad15205.wav,Sad,220032
Sad152,Sad15206.wav,Sad,220608
Sad152,Sad15207.wav,Sad,220608
Sad152,Sad15208.wav,Sad,220608
Sad152,Sad15209.wav,Sad,220608
Sad152,Sad15210.wav,Sad,220032
Sad152,Sad15211.wav,Sad,56448
Sad158,Sad15800.wav,Sad,220608
Sad158,Sad15801.wav,Sad,220608
Sad158,Sad15802.wav,Sad,220608
Sad158,Sad15803.wav,Sad,220608
Sad158,Sad15804.wav,Sad,220608
Sad158,Sad15805.wav,Sad,220032
Sad158,Sad15806.wav,Sad,220608
Sad158,Sad15807.wav,Sad,220608
Sad158,Sad15808.wav,Sad,220608
Sad158,Sad15809.wav,Sad,220608
Sad158,Sad15810.wav,Sad,220032
Sad158,Sad15811.wav,Sad,220608
Sad158,Sad15812.wav,Sad,220608
Sad158,Sad15813.wav,Sad,220608
Sad158,Sad15814.wav,Sad,220608
Sad158,Sad15815.wav,Sad,220032
Sad158,Sad15816.wav,Sad,220608
Sad158,Sad15817.wav,Sad,220608
Sad158,Sad15818.wav,Sad,218880
Sad160,Sad16000.wav,Sad,220608
Sad160,Sad16001.wav,Sad,220608
Sad160,Sad16002.wav,Sad,220608
Sad160,Sad16003.wav,Sad,220608
Sad160,Sad16004.wav,Sad,220608
Sad160,Sad16005.wav,Sad,220032
Sad160,Sad16006.wav,Sad,220608
Sad160,Sad16007.wav,Sad,220608
Sad160,Sad16008.wav,Sad,220608
Sad160,Sad16009.wav,Sad,220608
Sad160,Sad16010.wav,Sad,220032
Sad160,Sad16011.wav,Sad,220608
Sad160,Sad16012.wav,Sad,220608
Sad160,Sad16013.wav,Sad,220608
Sad160,Sad16014.wav,Sad,220608
Sad160,Sad16015.wav,Sad,220032
Sad160,Sad16016.wav,Sad,220608
Sad160,Sad16017.wav,Sad,220608
Sad160,Sad16018.wav,Sad,220608
Sad160,Sad16019.wav,Sad,187776
Sad162,Sad16200.wav,Sad,220608
Sad162,Sad16201.wav,Sad,220608
Sad162,Sad16202.wav,Sad,220608
Sad162,Sad16203.wav,Sad,220608
Sad162,Sad16204.wav,Sad,220608
Sad162,Sad16205.wav,Sad,220032
Sad162,Sad16206.wav,Sad,220608
Sad162,Sad16207.wav,Sad,220608
Sad162,Sad16208.wav,Sad,220608
Sad162,Sad16209.wav,Sad,220608
Sad162,Sad16210.wav,Sad,220032
Sad162,Sad16211.wav,Sad,220608
Sad162,Sad16212.wav,Sad,220608
Sad162,Sad16213.wav,Sad,220608
Sad162,Sad16214.wav,Sad,220608
Sad162,Sad16215.wav,Sad,220032
Sad162,Sad16216.wav,Sad,220608
Sad162,Sad16217.wav,Sad,220608
Sad162,Sad16218.wav,Sad,220608
Sad162,Sad16219.wav,Sad,220608
Sad162,Sad16220.wav,Sad,220608
Sad162,Sad16221.wav,Sad,220032
Sad162,Sad16222.wav,Sad,220608
Sad162,Sad16223.wav,Sad,132480
Sad174,Sad17400.wav,Sad,220608
Sad174,Sad17401.wav,Sad,220608
Sad174,Sad17402.wav,Sad,220608
Sad174,Sad17403.wav,Sad,220608
Sad174,Sad17404.wav,Sad,220608
Sad174,Sad17405.wav,Sad,220032
Sad174,Sad17406.wav,Sad,220608
Sad174,Sad17407.wav,Sad,220608
Sad174,Sad17408.wav,Sad,220608
Sad174,Sad17409.wav,Sad,220608
Sad174,Sad17410.wav,Sad,220032
Sad174,Sad17411.wav,Sad,220608
Sad174,Sad17412.wav,Sad,220608
Sad174,Sad17413.wav,Sad,220608
Sad174,Sad17414.wav,Sad,220608
Sad174,Sad17415.wav,Sad,220032
Sad174,Sad17416.wav,Sad,220608
Sad174,Sad17417.wav,Sad,220608
Sad174,Sad17418.wav,Sad,220608
Sad174,Sad17419.wav,Sad,220608
Sad174,Sad17420.wav,Sad,220608
Sad174,Sad17421.wav,Sad,220032
Sad174,Sad17422.wav,Sad,220608
Sad174,Sad17423.wav,Sad,220608
Sad174,Sad17424.wav,Sad,220608
Sad174,Sad17425.wav,Sad,44928
Sad193,Sad19300.wav,Sad,220677
Sad193,Sad19301.wav,Sad,220677
Sad193,Sad19302.wav,Sad,220148
Sad193,Sad19303.wav,Sad,220677
Sad193,Sad19304.wav,Sad,220677
Sad193,Sad19305.wav,Sad,220148
Sad193,Sad19306.wav,Sad,220677
Sad193,Sad19307.wav,Sad,220677
Sad193,Sad19308.wav,Sad,220148
Sad193,Sad19309.wav,Sad,220677
Sad193,Sad19310.wav,Sad,220677
Sad193,Sad19311.wav,Sad,220148
Sad193,Sad19312.wav,Sad,220677
Sad193,Sad19313.wav,Sad,220677
Sad193,Sad19314.wav,Sad,220148
Sad193,Sad19315.wav,Sad,220677
Sad193,Sad19316.wav,Sad,220677
Sad193,Sad19317.wav,Sad,220148
Sad193,Sad19318.wav,Sad,220677
Sad193,Sad19319.wav,Sad,220677
Sad193,Sad19320.wav,Sad,220148
Sad193,Sad19321.wav,Sad,1059
Sad194,Sad19400.wav,Sad,220608
Sad194,Sad19401.wav,Sad,220608
Sad194,Sad19402.wav,Sad,220608
Sad194,Sad19403.wav,Sad,220608
Sad194,Sad19404.wav,Sad,220608
Sad194,Sad19405.wav,Sad,220032
Sad194,Sad19406.wav,Sad,220608
Sad194,Sad19407.wav,Sad,220608
Sad194,Sad19408.wav,Sad,220608
Sad194,Sad19409.wav,Sad,220608
Sad194,Sad19410.wav,Sad,220032
Sad194,Sad19411.wav,Sad,220608
Sad194,Sad19412.wav,Sad,220608
Sad194,Sad19413.wav,Sad,220608
Sad194,Sad19414.wav,Sad,220608
Sad194,Sad19415.wav,Sad,220032
Sad194,Sad19416.wav,Sad,220608
Sad194,Sad19417.wav,Sad,183168
Sad195,Sad19500.wav,Sad,220608
Sad195,Sad19501.wav,Sad,220608
Sad195,Sad19502.wav,Sad,220608
Sad195,Sad19503.wav,Sad,220608
Sad195,Sad19504.wav,Sad,220608
Sad195,Sad19505.wav,Sad,220032
Sad195,Sad19506.wav,Sad,220608
Sad195,Sad19507.wav,Sad,220608
Sad195,Sad19508.wav,Sad,220608
Sad195,Sad19509.wav,Sad,220608
Sad195,Sad19510.wav,Sad,220032
Sad195,Sad19511.wav,Sad,220608
Sad195,Sad19512.wav,Sad,220608
Sad195,Sad19513.wav,Sad,220608
Sad195,Sad19514.wav,Sad,220608
Sad195,Sad19515.wav,Sad,220032
Sad195,Sad19516.wav,Sad,220608
Sad195,Sad19517.wav,Sad,220608
Sad195,Sad19518.wav,Sad,184896
Sad196,Sad19600.wav,Sad,220608
Sad196,Sad19601.wav,Sad,220608
Sad196,Sad19602.wav,Sad,220608
Sad196,Sad19603.wav,Sad,220608
Sad196,Sad19604.wav,Sad,220608
Sad196,Sad19605.wav,Sad,220032
Sad196,Sad19606.wav,Sad,220608
Sad196,Sad19607.wav,Sad,220608
Sad196,Sad19608.wav,Sad,220608
Sad196,Sad19609.wav,Sad,220608
Sad196,Sad19610.wav,Sad,220032
Sad196,Sad19611.wav,Sad,220608
Sad196,Sad19612.wav,Sad,220608
Sad196,Sad19613.wav,Sad,220608
Sad196,Sad19614.wav,Sad,220608
Sad196,Sad19615.wav,Sad,220032
Sad196,Sad19616.wav,Sad,220608
Sad196,Sad19617.wav,Sad,220608
Sad196,Sad19618.wav,Sad,36288
Sad198,Sad19800.wav,Sad,220677
Sad198,Sad19801.wav,Sad,220677
Sad198,Sad19802.wav,Sad,220148
Sad198,Sad19803.wav,Sad,220677
Sad198,Sad19804.wav,Sad,220677
Sad198,Sad19805.wav,Sad,220148
Sad198,Sad19806.wav,Sad,220677
Sad198,Sad19807.wav,Sad,220677
Sad198,Sad19808.wav,Sad,220148
Sad198,Sad19809.wav,Sad,220677
Sad198,Sad19810.wav,Sad,220677
Sad198,Sad19811.wav,Sad,220148
Sad198,Sad19812.wav,Sad,220677
Sad198,Sad19813.wav,Sad,220677
Sad198,Sad19814.wav,Sad,220148
Sad198,Sad19815.wav,Sad,220677
Sad198,Sad19816.wav,Sad,220677
Sad198,Sad19817.wav,Sad,220148
Sad198,Sad19818.wav,Sad,220677
Sad198,Sad19819.wav,Sad,220677
Sad198,Sad19820.wav,Sad,220148
Sad198,Sad19821.wav,Sad,20110
Sad205,Sad20500.wav,Sad,220608
Sad205,Sad20501.wav,Sad,220608
Sad205,Sad20502.wav,Sad,220608
Sad205,Sad20503.wav,Sad,220608
Sad205,Sad20504.wav,Sad,220608
Sad205,Sad20505.wav,Sad,220032
Sad205,Sad20506.wav,Sad,220608
Sad205,Sad20507.wav,Sad,220608
Sad205,Sad20508.wav,Sad,220608
Sad205,Sad20509.wav,Sad,220608
Sad205,Sad20510.wav,Sad,220032
Sad205,Sad20511.wav,Sad,220608
Sad205,Sad20512.wav,Sad,220608
Sad205,Sad20513.wav,Sad,220608
Sad205,Sad20514.wav,Sad,220608
Sad205,Sad20515.wav,Sad,133056
Sad218,Sad21800.wav,Sad,220677
Sad218,Sad21801.wav,Sad,220677
Sad218,Sad21802.wav,Sad,220148
Sad218,Sad21803.wav,Sad,220677
Sad218,Sad21804.wav,Sad,220677
Sad218,Sad21805.wav,Sad,220148
Sad218,Sad21806.wav,Sad,220677
Sad218,Sad21807.wav,Sad,220677
Sad218,Sad21808.wav,Sad,220148
Sad218,Sad21809.wav,Sad,220677
Sad218,Sad21810.wav,Sad,220677
Sad218,Sad21811.wav,Sad,220148
Sad218,Sad21812.wav,Sad,220677
Sad218,Sad21813.wav,Sad,220677
Sad218,Sad21814.wav,Sad,220148
Sad218,Sad21815.wav,Sad,220677
Sad218,Sad21816.wav,Sad,220677
Sad218,Sad21817.wav,Sad,220148
Sad218,Sad21818.wav,Sad,220677
Sad218,Sad21819.wav,Sad,220677
Sad218,Sad21820.wav,Sad,220148
Sad218,Sad21821.wav,Sad,220677
Sad218,Sad21822.wav,Sad,220677
Sad218,Sad21823.wav,Sad,220148
Sad218,Sad21824.wav,Sad,220677
Sad218,Sad21825.wav,Sad,220677
Sad218,Sad21826.wav,Sad,220148
Sad218,Sad21827.wav,Sad,220677
Sad218,Sad21828.wav,Sad,220677
Sad218,Sad21829.wav,Sad,220148
Sad218,Sad21830.wav,Sad,220677
Sad218,Sad21831.wav,Sad,220677
Sad218,Sad21832.wav,Sad,220148
Sad218,Sad21833.wav,Sad,220677
Sad218,Sad21834.wav,Sad,220677
Sad218,Sad21835.wav,Sad,220148
Sad218,Sad21836.wav,Sad,220677
Sad218,Sad21837.wav,Sad,220677
Sad218,Sad21838.wav,Sad,220148
Sad218,Sad21839.wav,Sad,220677
Sad218,Sad21840.wav,Sad,220677
Sad218,Sad21841.wav,Sad,220148
Sad218,Sad21842.wav,Sad,220677
Sad218,Sad21843.wav,Sad,220677
Sad218,Sad21844.wav,Sad,220148
Sad218,Sad21845.wav,Sad,220677
Sad218,Sad21846.wav,Sad,220677
Sad218,Sad21847.wav,Sad,220148
Sad218,Sad21848.wav,Sad,220677
Sad218,Sad21849.wav,Sad,220677
Sad218,Sad21850.wav,Sad,220148
Sad218,Sad21851.wav,Sad,220677
Sad218,Sad21852.wav,Sad,220677
Sad218,Sad21853.wav,Sad,220148
Sad218,Sad21854.wav,Sad,220677
Sad218,Sad21855.wav,Sad,66680
Sad220,Sad22000.wav,Sad,220608
Sad220,Sad22001.wav,Sad,220608
Sad220,Sad22002.wav,Sad,220608
Sad220,Sad22003.wav,Sad,220608
Sad220,Sad22004.wav,Sad,220608
Sad220,Sad22005.wav,Sad,220032
Sad220,Sad22006.wav,Sad,220608
Sad220,Sad22007.wav,Sad,220608
Sad220,Sad22008.wav,Sad,220608
Sad220,Sad22009.wav,Sad,220608
Sad220,Sad22010.wav,Sad,220032
Sad220,Sad22011.wav,Sad,220608
Sad220,Sad22012.wav,Sad,220608
Sad220,Sad22013.wav,Sad,45504
Sad222,Sad22200.wav,Sad,220677
Sad222,Sad22201.wav,Sad,220677
Sad222,Sad22202.wav,Sad,220148
Sad222,Sad22203.wav,Sad,220677
Sad222,Sad22204.wav,Sad,220677
Sad222,Sad22205.wav,Sad,220148
Sad222,Sad22206.wav,Sad,220677
Sad222,Sad22207.wav,Sad,220677
Sad222,Sad22208.wav,Sad,220148
Sad222,Sad22209.wav,Sad,220677
Sad222,Sad22210.wav,Sad,220677
Sad222,Sad22211.wav,Sad,220148
Sad222,Sad22212.wav,Sad,220677
Sad222,Sad22213.wav,Sad,220677
Sad222,Sad22214.wav,Sad,220148
Sad222,Sad22215.wav,Sad,220677
Sad222,Sad22216.wav,Sad,220677
Sad222,Sad22217.wav,Sad,220148
Sad222,Sad22218.wav,Sad,220677
Sad222,Sad22219.wav,Sad,220677
Sad222,Sad22220.wav,Sad,220148
Sad222,Sad22221.wav,Sad,220677
Sad222,Sad22222.wav,Sad,220677
Sad222,Sad22223.wav,Sad,220148
Sad222,Sad22224.wav,Sad,220677
Sad222,Sad22225.wav,Sad,175166
Sad225,Sad22500.wav,Sad,220677
Sad225,Sad22501.wav,Sad,220677
Sad225,Sad22502.wav,Sad,220148
Sad225,Sad22503.wav,Sad,220677
Sad225,Sad22504.wav,Sad,220677
Sad225,Sad22505.wav,Sad,220148
Sad225,Sad22506.wav,Sad,220677
Sad225,Sad22507.wav,Sad,220677
Sad225,Sad22508.wav,Sad,220148
Sad225,Sad22509.wav,Sad,220677
Sad225,Sad22510.wav,Sad,220677
Sad225,Sad22511.wav,Sad,220148
Sad225,Sad22512.wav,Sad,220677
Sad225,Sad22513.wav,Sad,220677
Sad225,Sad22514.wav,Sad,220148
Sad225,Sad22515.wav,Sad,220677
Sad225,Sad22516.wav,Sad,220677
Sad225,Sad22517.wav,Sad,220148
Sad225,Sad22518.wav,Sad,220677
Sad225,Sad22519.wav,Sad,220677
Sad225,Sad22520.wav,Sad,220148
Sad225,Sad22521.wav,Sad,220677
Sad225,Sad22522.wav,Sad,220677
Sad225,Sad22523.wav,Sad,192100
Sad235,Sad23500.wav,Sad,220608
Sad235,Sad23501.wav,Sad,220608
Sad235,Sad23502.wav,Sad,220608
Sad235,Sad23503.wav,Sad,220608
Sad235,Sad23504.wav,Sad,220608
Sad235,Sad23505.wav,Sad,220032
Sad235,Sad23506.wav,Sad,220608
Sad235,Sad23507.wav,Sad,220608
Sad235,Sad23508.wav,Sad,220608
Sad235,Sad23509.wav,Sad,220608
Sad235,Sad23510.wav,Sad,220032
Sad235,Sad23511.wav,Sad,220608
Sad235,Sad23512.wav,Sad,220608
Sad235,Sad23513.wav,Sad,220608
Sad235,Sad23514.wav,Sad,220608
Sad235,Sad23515.wav,Sad,220032
Sad235,Sad23516.wav,Sad,220608
Sad235,Sad23517.wav,Sad,220608
Sad235,Sad23518.wav,Sad,220608
Sad235,Sad23519.wav,Sad,220608
Sad235,Sad23520.wav,Sad,220608
Sad235,Sad23521.wav,Sad,220032
Sad235,Sad23522.wav,Sad,220608
Sad235,Sad23523.wav,Sad,220608
Sad235,Sad23524.wav,Sad,220608
Sad235,Sad23525.wav,Sad,220608
Sad235,Sad23526.wav,Sad,220032
Sad235,Sad23527.wav,Sad,220608
Sad235,Sad23528.wav,Sad,220608
Sad235,Sad23529.wav,Sad,220608
Sad235,Sad23530.wav,Sad,220608
Sad235,Sad23531.wav,Sad,220032
Sad235,Sad23532.wav,Sad,45504
Sad239,Sad23900.wav,Sad,220677
Sad239,Sad23901.wav,Sad,220677
Sad239,Sad23902.wav,Sad,220148
Sad239,Sad23903.wav,Sad,220677
Sad239,Sad23904.wav,Sad,220677
Sad239,Sad23905.wav,Sad,220148
Sad239,Sad23906.wav,Sad,220677
Sad239,Sad23907.wav,Sad,220677
Sad239,Sad23908.wav,Sad,220148
Sad239,Sad23909.wav,Sad,220677
Sad239,Sad23910.wav,Sad,220677
Sad239,Sad23911.wav,Sad,220148
Sad239,Sad23912.wav,Sad,220677
Sad239,Sad23913.wav,Sad,220677
Sad239,Sad23914.wav,Sad,220148
Sad239,Sad23915.wav,Sad,220677
Sad239,Sad23916.wav,Sad,220677
Sad239,Sad23917.wav,Sad,220148
Sad239,Sad23918.wav,Sad,220677
Sad239,Sad23919.wav,Sad,220677
Sad239,Sad23920.wav,Sad,220148
Sad239,Sad23921.wav,Sad,220677
Sad239,Sad23922.wav,Sad,146060
Sad254,Sad25400.wav,Sad,220608
Sad254,Sad25401.wav,Sad,220608
Sad254,Sad25402.wav,Sad,220608
Sad254,Sad25403.wav,Sad,220608
Sad254,Sad25404.wav,Sad,220608
Sad254,Sad25405.wav,Sad,220032
Sad254,Sad25406.wav,Sad,220608
Sad254,Sad25407.wav,Sad,220608
Sad254,Sad25408.wav,Sad,220608
Sad254,Sad25409.wav,Sad,220608
Sad254,Sad25410.wav,Sad,220032
Sad254,Sad25411.wav,Sad,220608
Sad254,Sad25412.wav,Sad,93312
Sad257,Sad25700.wav,Sad,220608
Sad257,Sad25701.wav,Sad,220608
Sad257,Sad25702.wav,Sad,220608
Sad257,Sad25703.wav,Sad,220608
Sad257,Sad25704.wav,Sad,220608
Sad257,Sad25705.wav,Sad,220032
Sad257,Sad25706.wav,Sad,220608
Sad257,Sad25707.wav,Sad,220608
Sad257,Sad25708.wav,Sad,220608
Sad257,Sad25709.wav,Sad,220608
Sad257,Sad25710.wav,Sad,220032
Sad257,Sad25711.wav,Sad,220608
Sad257,Sad25712.wav,Sad,220608
Sad257,Sad25713.wav,Sad,220608
Sad257,Sad25714.wav,Sad,220608
Sad257,Sad25715.wav,Sad,220032
Sad257,Sad25716.wav,Sad,220608
Sad257,Sad25717.wav,Sad,220608
Sad257,Sad25718.wav,Sad,220608
Sad257,Sad25719.wav,Sad,220608
Sad257,Sad25720.wav,Sad,220608
Sad257,Sad25721.wav,Sad,220032
Sad257,Sad25722.wav,Sad,220608
Sad257,Sad25723.wav,Sad,180288
Sad259,Sad25900.wav,Sad,220608
Sad259,Sad25901.wav,Sad,220608
Sad259,Sad25902.wav,Sad,220608
Sad259,Sad25903.wav,Sad,220608
Sad259,Sad25904.wav,Sad,220608
Sad259,Sad25905.wav,Sad,220032
Sad259,Sad25906.wav,Sad,220608
Sad259,Sad25907.wav,Sad,220608
Sad259,Sad25908.wav,Sad,220608
Sad259,Sad25909.wav,Sad,220608
Sad259,Sad25910.wav,Sad,220032
Sad259,Sad25911.wav,Sad,220608
Sad259,Sad25912.wav,Sad,220608
Sad259,Sad25913.wav,Sad,220608
Sad259,Sad25914.wav,Sad,220608
Sad259,Sad25915.wav,Sad,220032
Sad259,Sad25916.wav,Sad,220608
Sad259,Sad25917.wav,Sad,220608
Sad259,Sad25918.wav,Sad,220608
Sad259,Sad25919.wav,Sad,220608
Sad259,Sad25920.wav,Sad,220608
Sad259,Sad25921.wav,Sad,220032
Sad259,Sad25922.wav,Sad,220608
Sad259,Sad25923.wav,Sad,220608
Sad259,Sad25924.wav,Sad,220608
Sad259,Sad25925.wav,Sad,220608
Sad259,Sad25926.wav,Sad,220032
Sad259,Sad25927.wav,Sad,220608
Sad259,Sad25928.wav,Sad,220608
Sad259,Sad25929.wav,Sad,220608
Sad259,Sad25930.wav,Sad,220608
Sad259,Sad25931.wav,Sad,220032
Sad259,Sad25932.wav,Sad,220608
Sad259,Sad25933.wav,Sad,220608
Sad259,Sad25934.wav,Sad,76608
Sad273,Sad27300.wav,Sad,220608
Sad273,Sad27301.wav,Sad,220608
Sad273,Sad27302.wav,Sad,220608
Sad273,Sad27303.wav,Sad,220608
Sad273,Sad27304.wav,Sad,220608
Sad273,Sad27305.wav,Sad,220032
Sad273,Sad27306.wav,Sad,220608
Sad273,Sad27307.wav,Sad,220608
Sad273,Sad27308.wav,Sad,220608
Sad273,Sad27309.wav,Sad,220608
Sad273,Sad27310.wav,Sad,220032
Sad273,Sad27311.wav,Sad,220608
Sad273,Sad27312.wav,Sad,220608
Sad273,Sad27313.wav,Sad,203904
Sad300,Sad30000.wav,Sad,220608
Sad300,Sad30001.wav,Sad,220608
Sad300,Sad30002.wav,Sad,220608
Sad300,Sad30003.wav,Sad,220608
Sad300,Sad30004.wav,Sad,220608
Sad300,Sad30005.wav,Sad,220032
Sad300,Sad30006.wav,Sad,220608
Sad300,Sad30007.wav,Sad,220608
Sad300,Sad30008.wav,Sad,220608
Sad300,Sad30009.wav,Sad,220608
Sad300,Sad30010.wav,Sad,220032
Sad300,Sad30011.wav,Sad,220608
Sad300,Sad30012.wav,Sad,220608
Sad300,Sad30013.wav,Sad,220608
Sad300,Sad30014.wav,Sad,220608
Sad300,Sad30015.wav,Sad,220032
Sad300,Sad30016.wav,Sad,220608
Sad300,Sad30017.wav,Sad,220608
Sad300,Sad30018.wav,Sad,220608
Sad300,Sad30019.wav,Sad,220608
Sad300,Sad30020.wav,Sad,118656
Sad301,Sad30100.wav,Sad,220677
Sad301,Sad30101.wav,Sad,220677
Sad301,Sad30102.wav,Sad,220148
Sad301,Sad30103.wav,Sad,220677
Sad301,Sad30104.wav,Sad,220677
Sad301,Sad30105.wav,Sad,220148
Sad301,Sad30106.wav,Sad,220677
Sad301,Sad30107.wav,Sad,220677
Sad301,Sad30108.wav,Sad,220148
Sad301,Sad30109.wav,Sad,220677
Sad301,Sad30110.wav,Sad,220677
Sad301,Sad30111.wav,Sad,220148
Sad301,Sad30112.wav,Sad,220677
Sad301,Sad30113.wav,Sad,220677
Sad301,Sad30114.wav,Sad,220148
Sad301,Sad30115.wav,Sad,121187
Sad306,Sad30600.wav,Sad,220608
Sad306,Sad30601.wav,Sad,220608
Sad306,Sad30602.wav,Sad,220608
Sad306,Sad30603.wav,Sad,220608
Sad306,Sad30604.wav,Sad,220608
Sad306,Sad30605.wav,Sad,220032
Sad306,Sad30606.wav,Sad,220608
Sad306,Sad30607.wav,Sad,220608
Sad306,Sad30608.wav,Sad,220608
Sad306,Sad30609.wav,Sad,220608
Sad306,Sad30610.wav,Sad,220032
Sad306,Sad30611.wav,Sad,220608
Sad306,Sad30612.wav,Sad,220608
Sad306,Sad30613.wav,Sad,220608
Sad306,Sad30614.wav,Sad,220608
Sad306,Sad30615.wav,Sad,220032
Sad306,Sad30616.wav,Sad,220608
Sad306,Sad30617.wav,Sad,220608
Sad306,Sad30618.wav,Sad,220608
Sad306,Sad30619.wav,Sad,220608
Sad306,Sad30620.wav,Sad,220608
Sad306,Sad30621.wav,Sad,58176
Sad308,Sad30800.wav,Sad,220677
Sad308,Sad30801.wav,Sad,220677
Sad308,Sad30802.wav,Sad,220148
Sad308,Sad30803.wav,Sad,220677
Sad308,Sad30804.wav,Sad,220677
Sad308,Sad30805.wav,Sad,220148
Sad308,Sad30806.wav,Sad,220677
Sad308,Sad30807.wav,Sad,220677
Sad308,Sad30808.wav,Sad,220148
Sad308,Sad30809.wav,Sad,220677
Sad308,Sad30810.wav,Sad,220677
Sad308,Sad30811.wav,Sad,220148
Sad308,Sad30812.wav,Sad,220677
Sad308,Sad30813.wav,Sad,220677
Sad308,Sad30814.wav,Sad,220148
Sad308,Sad30815.wav,Sad,220677
Sad308,Sad30816.wav,Sad,220677
Sad308,Sad30817.wav,Sad,220148
Sad308,Sad30818.wav,Sad,220677
Sad308,Sad30819.wav,Sad,220677
Sad308,Sad30820.wav,Sad,194746
Sad312,Sad31200.wav,Sad,220608
Sad312,Sad31201.wav,Sad,220608
Sad312,Sad31202.wav,Sad,220608
Sad312,Sad31203.wav,Sad,220608
Sad312,Sad31204.wav,Sad,220608
Sad312,Sad31205.wav,Sad,220032
Sad312,Sad31206.wav,Sad,220608
Sad312,Sad31207.wav,Sad,220608
Sad312,Sad31208.wav,Sad,220608
Sad312,Sad31209.wav,Sad,220608
Sad312,Sad31210.wav,Sad,220032
Sad312,Sad31211.wav,Sad,220608
Sad312,Sad31212.wav,Sad,220608
Sad312,Sad31213.wav,Sad,220608
Sad312,Sad31214.wav,Sad,220608
Sad312,Sad31215.wav,Sad,220032
Sad312,Sad31216.wav,Sad,220608
Sad312,Sad31217.wav,Sad,220608
Sad312,Sad31218.wav,Sad,220608
Sad312,Sad31219.wav,Sad,220608
Sad312,Sad31220.wav,Sad,220608
Sad312,Sad31221.wav,Sad,220032
Sad312,Sad31222.wav,Sad,96768
Sad317,Sad31700.wav,Sad,220677
Sad317,Sad31701.wav,Sad,220677
Sad317,Sad31702.wav,Sad,220148
Sad317,Sad31703.wav,Sad,220677
Sad317,Sad31704.wav,Sad,220677
Sad317,Sad31705.wav,Sad,220148
Sad317,Sad31706.wav,Sad,220677
Sad317,Sad31707.wav,Sad,220677
Sad317,Sad31708.wav,Sad,220148
Sad317,Sad31709.wav,Sad,220677
Sad317,Sad31710.wav,Sad,220677
Sad317,Sad31711.wav,Sad,220148
Sad317,Sad31712.wav,Sad,220677
Sad317,Sad31713.wav,Sad,220677
Sad317,Sad31714.wav,Sad,220148
Sad317,Sad31715.wav,Sad,220677
Sad317,Sad31716.wav,Sad,220677
Sad317,Sad31717.wav,Sad,220148
Sad317,Sad31718.wav,Sad,220677
Sad317,Sad31719.wav,Sad,220677
Sad317,Sad31720.wav,Sad,220148
Sad317,Sad31721.wav,Sad,220677
Sad317,Sad31722.wav,Sad,220677
Sad317,Sad31723.wav,Sad,220148
Sad317,Sad31724.wav,Sad,114308
Sad331,Sad33100.wav,Sad,220608
Sad331,Sad33101.wav,Sad,220608
Sad331,Sad33102.wav,Sad,220608
Sad331,Sad33103.wav,Sad,220608
Sad331,Sad33104.wav,Sad,220608
Sad331,Sad33105.wav,Sad,220032
Sad331,Sad33106.wav,Sad,220608
Sad331,Sad33107.wav,Sad,220608
Sad331,Sad33108.wav,Sad,220608
Sad331,Sad33109.wav,Sad,220608
Sad331,Sad33110.wav,Sad,220032
Sad331,Sad33111.wav,Sad,220608
Sad331,Sad33112.wav,Sad,220608
Sad331,Sad33113.wav,Sad,220608
Sad331,Sad33114.wav,Sad,220608
Sad331,Sad33115.wav,Sad,220032
Sad331,Sad33116.wav,Sad,220608
Sad331,Sad33117.wav,Sad,220608
Sad331,Sad33118.wav,Sad,220608
Sad331,Sad33119.wav,Sad,220608
Sad331,Sad33120.wav,Sad,220608
Sad331,Sad33121.wav,Sad,220032
Sad331,Sad33122.wav,Sad,109440
Sad334,Sad33400.wav,Sad,220608
Sad334,Sad33401.wav,Sad,220608
Sad334,Sad33402.wav,Sad,220608
Sad334,Sad33403.wav,Sad,220608
Sad334,Sad33404.wav,Sad,220608
Sad334,Sad33405.wav,Sad,220032
Sad334,Sad33406.wav,Sad,220608
Sad334,Sad33407.wav,Sad,220608
Sad334,Sad33408.wav,Sad,220608
Sad334,Sad33409.wav,Sad,220608
Sad334,Sad33410.wav,Sad,220032
Sad334,Sad33411.wav,Sad,220608
Sad334,Sad33412.wav,Sad,220608
Sad334,Sad33413.wav,Sad,220608
Sad334,Sad33414.wav,Sad,220608
Sad334,Sad33415.wav,Sad,220032
Sad334,Sad33416.wav,Sad,220608
Sad334,Sad33417.wav,Sad,220608
Sad334,Sad33418.wav,Sad,220608
Sad334,Sad33419.wav,Sad,220608
Sad334,Sad33420.wav,Sad,220608
Sad334,Sad33421.wav,Sad,220032
Sad334,Sad33422.wav,Sad,220608
Sad334,Sad33423.wav,Sad,220608
Sad334,Sad33424.wav,Sad,220608
Sad334,Sad33425.wav,Sad,182592
Sad341,Sad34100.wav,Sad,220608
Sad341,Sad34101.wav,Sad,220608
Sad341,Sad34102.wav,Sad,220608
Sad341,Sad34103.wav,Sad,220608
Sad341,Sad34104.wav,Sad,220608
Sad341,Sad34105.wav,Sad,220032
Sad341,Sad34106.wav,Sad,220608
Sad341,Sad34107.wav,Sad,220608
Sad341,Sad34108.wav,Sad,220608
Sad341,Sad34109.wav,Sad,220608
Sad341,Sad34110.wav,Sad,220032
Sad341,Sad34111.wav,Sad,220608
Sad341,Sad34112.wav,Sad,220608
Sad341,Sad34113.wav,Sad,220608
Sad341,Sad34114.wav,Sad,220608
Sad341,Sad34115.wav,Sad,220032
Sad341,Sad34116.wav,Sad,220608
Sad341,Sad34117.wav,Sad,220608
Sad341,Sad34118.wav,Sad,220608
Sad341,Sad34119.wav,Sad,31680
Sad350,Sad35000.wav,Sad,220608
Sad350,Sad35001.wav,Sad,220608
Sad350,Sad35002.wav,Sad,220608
Sad350,Sad35003.wav,Sad,220608
Sad350,Sad35004.wav,Sad,220608
Sad350,Sad35005.wav,Sad,220032
Sad350,Sad35006.wav,Sad,220608
Sad350,Sad35007.wav,Sad,220608
Sad350,Sad35008.wav,Sad,220608
Sad350,Sad35009.wav,Sad,220608
Sad350,Sad35010.wav,Sad,220032
Sad350,Sad35011.wav,Sad,220608
Sad350,Sad35012.wav,Sad,220608
Sad350,Sad35013.wav,Sad,220608
Sad350,Sad35014.wav,Sad,220608
Sad350,Sad35015.wav,Sad,220032
Sad350,Sad35016.wav,Sad,220608
Sad350,Sad35017.wav,Sad,220608
Sad350,Sad35018.wav,Sad,220608
Sad350,Sad35019.wav,Sad,160704
Sad352,Sad35200.wav,Sad,220608
Sad352,Sad35201.wav,Sad,220608
Sad352,Sad35202.wav,Sad,220608
Sad352,Sad35203.wav,Sad,220608
Sad352,Sad35204.wav,Sad,220608
Sad352,Sad35205.wav,Sad,220032
Sad352,Sad35206.wav,Sad,220608
Sad352,Sad35207.wav,Sad,220608
Sad352,Sad35208.wav,Sad,220608
Sad352,Sad35209.wav,Sad,220608
Sad352,Sad35210.wav,Sad,220032
Sad352,Sad35211.wav,Sad,220608
Sad352,Sad35212.wav,Sad,220608
Sad352,Sad35213.wav,Sad,220608
Sad352,Sad35214.wav,Sad,220608
Sad352,Sad35215.wav,Sad,220032
Sad352,Sad35216.wav,Sad,220608
Sad352,Sad35217.wav,Sad,220608
Sad352,Sad35218.wav,Sad,158400
Sad360,Sad36000.wav,Sad,220677
Sad360,Sad36001.wav,Sad,220677
Sad360,Sad36002.wav,Sad,220148
Sad360,Sad36003.wav,Sad,220677
Sad360,Sad36004.wav,Sad,220677
Sad360,Sad36005.wav,Sad,220148
Sad360,Sad36006.wav,Sad,220677
Sad360,Sad36007.wav,Sad,220677
Sad360,Sad36008.wav,Sad,220148
Sad360,Sad36009.wav,Sad,220677
Sad360,Sad36010.wav,Sad,220677
Sad360,Sad36011.wav,Sad,220148
Sad360,Sad36012.wav,Sad,220677
Sad360,Sad36013.wav,Sad,220677
Sad360,Sad36014.wav,Sad,220148
Sad360,Sad36015.wav,Sad,220677
Sad360,Sad36016.wav,Sad,220677
Sad360,Sad36017.wav,Sad,220148
Sad360,Sad36018.wav,Sad,220677
Sad360,Sad36019.wav,Sad,176753
Sad369,Sad36900.wav,Sad,220608
Sad369,Sad36901.wav,Sad,220608
Sad369,Sad36902.wav,Sad,220608
Sad369,Sad36903.wav,Sad,220608
Sad369,Sad36904.wav,Sad,220608
Sad369,Sad36905.wav,Sad,220032
Sad369,Sad36906.wav,Sad,220608
Sad369,Sad36907.wav,Sad,220608
Sad369,Sad36908.wav,Sad,220608
Sad369,Sad36909.wav,Sad,220608
Sad369,Sad36910.wav,Sad,220032
Sad369,Sad36911.wav,Sad,220608
Sad369,Sad36912.wav,Sad,220608
Sad369,Sad36913.wav,Sad,220608
Sad369,Sad36914.wav,Sad,220608
Sad369,Sad36915.wav,Sad,220032
Sad369,Sad36916.wav,Sad,220608
Sad369,Sad36917.wav,Sad,220608
Sad369,Sad36918.wav,Sad,220608
Sad369,Sad36919.wav,Sad,220608
Sad369,Sad36920.wav,Sad,220608
Sad369,Sad36921.wav,Sad,576
Sad376,Sad37600.wav,Sad,220608
Sad376,Sad37601.wav,Sad,220608
Sad376,Sad37602.wav,Sad,220608
Sad376,Sad37603.wav,Sad,220608
Sad376,Sad37604.wav,Sad,220608
Sad376,Sad37605.wav,Sad,220032
Sad376,Sad37606.wav,Sad,220608
Sad376,Sad37607.wav,Sad,220608
Sad376,Sad37608.wav,Sad,220608
Sad376,Sad37609.wav,Sad,220608
Sad376,Sad37610.wav,Sad,220032
Sad376,Sad37611.wav,Sad,220608
Sad376,Sad37612.wav,Sad,220608
Sad376,Sad37613.wav,Sad,220608
Sad376,Sad37614.wav,Sad,220608
Sad376,Sad37615.wav,Sad,220032
Sad376,Sad37616.wav,Sad,114048
Sad386,Sad38600.wav,Sad,220608
Sad386,Sad38601.wav,Sad,220608
Sad386,Sad38602.wav,Sad,220608
Sad386,Sad38603.wav,Sad,220608
Sad386,Sad38604.wav,Sad,220608
Sad386,Sad38605.wav,Sad,220032
Sad386,Sad38606.wav,Sad,220608
Sad386,Sad38607.wav,Sad,220608
Sad386,Sad38608.wav,Sad,220608
Sad386,Sad38609.wav,Sad,220608
Sad386,Sad38610.wav,Sad,220032
Sad386,Sad38611.wav,Sad,220608
Sad386,Sad38612.wav,Sad,220608
Sad386,Sad38613.wav,Sad,220608
Sad386,Sad38614.wav,Sad,220608
Sad386,Sad38615.wav,Sad,116352
Sad388,Sad38800.wav,Sad,220608
Sad388,Sad38801.wav,Sad,220608
Sad388,Sad38802.wav,Sad,220608
Sad388,Sad38803.wav,Sad,220608
Sad388,Sad38804.wav,Sad,220608
Sad388,Sad38805.wav,Sad,220032
Sad388,Sad38806.wav,Sad,220608
Sad388,Sad38807.wav,Sad,220608
Sad388,Sad38808.wav,Sad,220608
Sad388,Sad38809.wav,Sad,220608
Sad388,Sad38810.wav,Sad,220032
Sad388,Sad38811.wav,Sad,220608
Sad388,Sad38812.wav,Sad,220608
Sad388,Sad38813.wav,Sad,220608
Sad388,Sad38814.wav,Sad,220608
Sad388,Sad38815.wav,Sad,220032
Sad388,Sad38816.wav,Sad,220608
Sad388,Sad38817.wav,Sad,220608
Sad388,Sad38818.wav,Sad,220608
Sad388,Sad38819.wav,Sad,192384
Sad397,Sad39700.wav,Sad,220608
Sad397,Sad39701.wav,Sad,220608
Sad397,Sad39702.wav,Sad,220608
Sad397,Sad39703.wav,Sad,220608
Sad397,Sad39704.wav,Sad,220608
Sad397,Sad39705.wav,Sad,220032
Sad397,Sad39706.wav,Sad,220608
Sad397,Sad39707.wav,Sad,220608
Sad397,Sad39708.wav,Sad,220608
Sad397,Sad39709.wav,Sad,220608
Sad397,Sad39710.wav,Sad,220032
Sad397,Sad39711.wav,Sad,220608
Sad397,Sad39712.wav,Sad,220608
Sad397,Sad39713.wav,Sad,81216
Sad399,Sad39900.wav,Sad,220677
Sad399,Sad39901.wav,Sad,220677
Sad399,Sad39902.wav,Sad,220148
Sad399,Sad39903.wav,Sad,220677
Sad399,Sad39904.wav,Sad,220677
Sad399,Sad39905.wav,Sad,220148
Sad399,Sad39906.wav,Sad,220677
Sad399,Sad39907.wav,Sad,220677
Sad399,Sad39908.wav,Sad,220148
Sad399,Sad39909.wav,Sad,220677
Sad399,Sad39910.wav,Sad,220677
Sad399,Sad39911.wav,Sad,220148
Sad399,Sad39912.wav,Sad,220677
Sad399,Sad39913.wav,Sad,220677
Sad399,Sad39914.wav,Sad,220148
Sad399,Sad39915.wav,Sad,220677
Sad399,Sad39916.wav,Sad,220677
Sad399,Sad39917.wav,Sad,220148
Sad399,Sad39918.wav,Sad,220677
Sad399,Sad39919.wav,Sad,220677
Sad399,Sad39920.wav,Sad,22756
Sad405,Sad40500.wav,Sad,220608
Sad405,Sad40501.wav,Sad,220608
Sad405,Sad40502.wav,Sad,220608
Sad405,Sad40503.wav,Sad,220608
Sad405,Sad40504.wav,Sad,220608
Sad405,Sad40505.wav,Sad,220032
Sad405,Sad40506.wav,Sad,220608
Sad405,Sad40507.wav,Sad,220608
Sad405,Sad40508.wav,Sad,220608
Sad405,Sad40509.wav,Sad,220608
Sad405,Sad40510.wav,Sad,220032
Sad405,Sad40511.wav,Sad,220608
Sad405,Sad40512.wav,Sad,220608
Sad405,Sad40513.wav,Sad,220608
Sad405,Sad40514.wav,Sad,220608
Sad405,Sad40515.wav,Sad,220032
Sad405,Sad40516.wav,Sad,45504
Sad408,Sad40800.wav,Sad,220608
Sad408,Sad40801.wav,Sad,220608
Sad408,Sad40802.wav,Sad,220608
Sad408,Sad40803.wav,Sad,220608
Sad408,Sad40804.wav,Sad,220608
Sad408,Sad40805.wav,Sad,220032
Sad408,Sad40806.wav,Sad,220608
Sad408,Sad40807.wav,Sad,220608
Sad408,Sad40808.wav,Sad,220608
Sad408,Sad40809.wav,Sad,220608
Sad408,Sad40810.wav,Sad,220032
Sad408,Sad40811.wav,Sad,220608
Sad408,Sad40812.wav,Sad,220608
Sad408,Sad40813.wav,Sad,220608
Sad408,Sad40814.wav,Sad,220608
Sad408,Sad40815.wav,Sad,220032
Sad408,Sad40816.wav,Sad,220608
Sad408,Sad40817.wav,Sad,220608
Sad408,Sad40818.wav,Sad,220608
Sad408,Sad40819.wav,Sad,220608
Sad408,Sad40820.wav,Sad,220608
Sad408,Sad40821.wav,Sad,220032
Sad408,Sad40822.wav,Sad,220608
Sad408,Sad40823.wav,Sad,23040
Sad422,Sad42200.wav,Sad,220677
Sad422,Sad42201.wav,Sad,220677
Sad422,Sad42202.wav,Sad,220148
Sad422,Sad42203.wav,Sad,220677
Sad422,Sad42204.wav,Sad,220677
Sad422,Sad42205.wav,Sad,220148
Sad422,Sad42206.wav,Sad,220677
Sad422,Sad42207.wav,Sad,220677
Sad422,Sad42208.wav,Sad,220148
Sad422,Sad42209.wav,Sad,220677
Sad422,Sad42210.wav,Sad,220677
Sad422,Sad42211.wav,Sad,220148
Sad422,Sad42212.wav,Sad,220677
Sad422,Sad42213.wav,Sad,220677
Sad422,Sad42214.wav,Sad,220148
Sad422,Sad42215.wav,Sad,220677
Sad422,Sad42216.wav,Sad,220677
Sad422,Sad42217.wav,Sad,220148
Sad422,Sad42218.wav,Sad,220677
Sad422,Sad42219.wav,Sad,210622
Sad444,Sad44400.wav,Sad,220608
Sad444,Sad44401.wav,Sad,220608
Sad444,Sad44402.wav,Sad,220608
Sad444,Sad44403.wav,Sad,220608
Sad444,Sad44404.wav,Sad,220608
Sad444,Sad44405.wav,Sad,220032
Sad444,Sad44406.wav,Sad,220608
Sad444,Sad44407.wav,Sad,220608
Sad444,Sad44408.wav,Sad,220608
Sad444,Sad44409.wav,Sad,220608
Sad444,Sad44410.wav,Sad,220032
Sad444,Sad44411.wav,Sad,220608
Sad444,Sad44412.wav,Sad,220608
Sad444,Sad44413.wav,Sad,220608
Sad444,Sad44414.wav,Sad,220608
Sad444,Sad44415.wav,Sad,220032
Sad444,Sad44416.wav,Sad,220608
Sad444,Sad44417.wav,Sad,220608
Sad444,Sad44418.wav,Sad,220608
Sad444,Sad44419.wav,Sad,220608
Sad444,Sad44420.wav,Sad,206208
Sad459,Sad45900.wav,Sad,220608
Sad459,Sad45901.wav,Sad,220608
Sad459,Sad45902.wav,Sad,220608
Sad459,Sad45903.wav,Sad,220608
Sad459,Sad45904.wav,Sad,220608
Sad459,Sad45905.wav,Sad,220032
Sad459,Sad45906.wav,Sad,220608
Sad459,Sad45907.wav,Sad,220608
Sad459,Sad45908.wav,Sad,220608
Sad459,Sad45909.wav,Sad,220608
Sad459,Sad45910.wav,Sad,220032
Sad459,Sad45911.wav,Sad,220608
Sad459,Sad45912.wav,Sad,220608
Sad459,Sad45913.wav,Sad,220608
Sad459,Sad45914.wav,Sad,220608
Sad459,Sad45915.wav,Sad,220032
Sad459,Sad45916.wav,Sad,96192
